{
  "tier": "Tier 3",
  "salt": 347222276,
  "n_by_code": {
    "0": 1890770,
    "1": 541208,
    "2": 713747
  },
  "prev_by_code": {
    "train": 0.2720642912675788,
    "val": 0.3465562223766094,
    "test": 0.4669441692924804
  },
  "metrics_extra": {
    "range_pp": 19.48798780249016,
    "gap_val_train_pp": 7.449193110903058
  },
  "dev_size_pp": {
    "train": 9.893983104053905,
    "val": 2.2045553886623908,
    "test": 7.689427715391525
  },
  "worst_dev_pp": 9.893983104053905
}