{
  "AUROC": 0.9660042762153707,
  "AUPRC": 0.9508828488060453,
  "Precision": 0.9609706587931353,
  "Recall": 1.0,
  "F1": 0.9800969274925893,
  "FPR": 0.035577329965542345,
  "TPR": 1.0,
  "threshold_used": 4.538070548754478e-05,
  "confusion": {
    "tn": 366931,
    "fp": 13536,
    "fn": 0,
    "tp": 333280
  }
}