day,n,anom,prevalence_%
Friday,1048575,601803,57.392461197339244
Thursday,1048575,52498,5.00660420093937
Wednesday,1048575,380949,36.33016236320721
