day,anom,anom_share_%
Friday,601803,58.13117604443371
Thursday,52498,5.071045641149481
Wednesday,380949,36.79777831441681
