{
  "selected": {
    "name": "np_strict",
    "tau": 4.538070548754478e-05,
    "val_fpr": 0.0033875396226201687,
    "val_tpr": 0.5000773090067658,
    "val_f1": 0.6639084625430454,
    "max_fpr_target": 0.005,
    "min_tpr_target": 0.6,
    "np_margin": 0.8
  },
  "notes": "Threshold selected on VALIDATION with Neyman\u2013Pearson (strict FPR); same \u03c4 applied to TEST."
}