{
  "AUROC": 0.8634013205364223,
  "AUPRC": 0.8179296598881685,
  "Precision": 0.9873884116557183,
  "Recall": 0.5000773090067658,
  "F1": 0.6639084625430454,
  "FPR": 0.0033875396226201687,
  "TPR": 0.5000773090067658,
  "threshold_used": 4.538070548754478e-05,
  "confusion": {
    "tn": 352451,
    "fp": 1198,
    "fn": 93765,
    "tp": 93794
  }
}