{
  "ratios_target": {
    "train": 0.7,
    "val": 0.15,
    "test": 0.15
  },
  "prev_global": 0.32909742587161944,
  "prev_global_pct": 32.909742587161944,
  "n_keys": 34956,
  "n_rows": 3145725,
  "key_cols": [
    "flow_key"
  ],
  "label_col": "label",
  "tier_used": "Tier 3",
  "bins": 160000
}