{
  "rows_total": 3145725,
  "unmatched_rows_dropped": 0,
  "by_split": {
    "train": {
      "rows": 1890770,
      "pos": 514411,
      "neg": 1376359,
      "prev": 0.2720642912675788,
      "files": 18
    },
    "val": {
      "rows": 541208,
      "pos": 187559,
      "neg": 353649,
      "prev": 0.3465562223766094,
      "files": 18
    },
    "test": {
      "rows": 713747,
      "pos": 333280,
      "neg": 380467,
      "prev": 0.4669441692924804,
      "files": 18
    }
  }
}